日期,代码,名称,换手率,成交额,流通市值,首次封板时间,最后封板时间,涨跌幅,炸板次数,是否炸板,封板资金,所属行业,涨停原因类别
20250917,002059,云南旅游,13.123574256896973,770027808,5967089572.06,092500,103254,9.963768005371094,1,是,,旅游酒店,
20250917,002617,露笑科技,4.998624801635742,1021872448,20446615167.22,093000,093000,9.969481468200684,0,否,,光伏设备,
20250917,603297,永新光学,1.7532987594604492,210060778,11980888620.0,093000,093000,10.004066467285156,0,否,,光学光电,
20250917,301421,波长光电,27.866830825805664,1133373584,4080703698.2000003,093000,093545,20.005447387695312,1,是,,光学光电,
20250917,002562,兄弟科技,16.6135311126709,842730992,5086083676.75,093124,093603,10.015174865722656,1,是,,化学制品,
20250917,002677,浙江美大,12.948897361755371,531360160,4161294193.82,093139,143803,10.04243278503418,2,是,,家电行业,
20250917,600537,亿晶光电,10.696152687072754,539727248,5160997478.4800005,093439,093439,10.1010103225708,0,否,,光伏设备,
20250917,601619,嘉泽新能,4.477783203125,513932784,11831011810.2,093500,093757,9.954751014709473,1,是,,电力行业,
20250917,002549,凯美特气,12.863637924194336,1586605280,12497089444.300001,093621,105336,9.993906021118164,1,是,,化学制品,
20250917,002796,世嘉科技,14.385205268859863,667444640,4691814081.57,093639,095539,10.0,3,是,,专用设备,
20250917,301013,利和兴,17.897533416748047,790051760,4609926301.68,094230,094639,20.0,2,是,,专用设备,
20250917,601908,京运通,9.129219055175781,1005685472,11300341389.48,094417,094947,10.117647171020508,2,是,,光伏设备,
20250917,002222,福晶科技,4.592042922973633,978066832,21722239529.6,094645,094645,10.004741668701172,0,否,,光学光电,
20250917,603992,松霖科技,1.16193687915802,153343643,13549725044.9,094809,094809,10.0,0,否,,装修建材,
20250917,001267,汇绿生态,7.093050479888916,727179056,10492193305.06,094851,094851,10.024154663085938,0,否,,工程建设,
20250917,002631,德尔未来,3.4207959175109863,140626645,4197997742.08,094933,094933,9.979209899902344,0,否,,装修建材,
20250917,002338,奥普光电,4.554291725158691,592765328,13348800000.0,095309,095309,10.00791072845459,0,否,,仪器仪表,
20250917,605389,长龄液压,1.9872946739196777,139488546,7272556981.2,095737,095737,9.995878219604492,0,否,,工程机械,
20250917,603988,中电电机,4.204321384429932,280462208,6811392000.0,100001,100228,9.988605499267578,1,是,,电机,
20250917,002501,利源股份,4.68972635269165,439467408,9717325624.44,100212,100212,10.0401611328125,0,否,,有色金属,
20250917,603980,吉华集团,16.586545944213867,705973920,4331733504.0,100404,101052,9.965636253356934,6,是,,化学制品,
20250917,603040,新坐标,2.7312171459198,253444124,9558570278.400002,100518,100518,10.0,0,否,,汽车零部,
20250917,920834,三维装备,30.932199478149414,373493632,1255928780.0,100952,101701,29.954517364501953,1,是,,塑料制品,
20250917,603269,海鸥股份,8.831395149230957,327262784,3779121640.32,101522,102055,9.97304630279541,1,是,,通用设备,
20250917,603637,镇海股份,9.196917533874512,281778048,3145879858.86,102239,102239,10.016695022583008,0,否,,工程建设,
20250917,601388,怡球资源,11.739794731140137,814360432,7175985728.16,102836,103909,10.13513469696045,1,是,,有色金属,
20250917,603809,豪能股份,14.060141563415527,2074555440,14995705990.880001,103638,111347,10.031545639038086,3,是,,汽车零部,
20250917,002245,蔚蓝锂芯,15.60417366027832,3197506416,21167196120.070004,104045,104045,9.977452278137207,0,否,,电池,
20250917,301222,浙江恒威,12.972397804260254,348296128,2852711478.0,105033,105033,19.98638153076172,0,否,,电池,
20250917,600207,安彩高科,11.352665901184082,722306016,6546768449.54,105918,141406,10.073260307312012,2,是,,光伏设备,
20250917,600089,特变电工,7.2769598960876465,5770705408,81602600021.65,105939,134709,10.01362419128418,1,是,,电网设备,
20250917,600337,美克家居,6.9447126388549805,230830403,3520645435.65,110216,110240,9.865470886230469,1,是,,装修建材,
20250917,600143,金发科技,13.135307312011719,7241052928,56853267639.74,110455,134028,10.0,2,是,,塑料制品,
20250917,600651,飞乐音响,3.949856758117676,840826176,22337619613.65,111234,111316,10.0,1,是,,光学光电,
20250917,600114,东睦股份,5.159996032714844,1015662096,20648846479.5,111846,111846,10.016420364379883,0,否,,通用设备,
20250917,002423,中粮资本,8.285176277160645,2714198592,33639941395.0,112236,144342,10.022607803344727,6,是,,多元金融,
20250917,603725,天安新材,5.042619705200195,153727533,3173300517.6,130108,130108,10.039761543273926,0,否,,化学制品,
20250917,603219,富佳股份,3.5463626384735107,406833744,12036416000.0,130207,130207,10.005130767822266,0,否,,家电行业,
20250917,603013,亚普股份,1.9713631868362427,267037394,14116983730.56,130656,130656,9.984025001525879,0,否,,汽车零部,
20250917,600658,电子城,9.564369201660156,706892656,7662307558.25,131003,131345,9.951845169067383,2,是,,房地产服,
20250917,001283,豪鹏科技,15.60373592376709,1052427744,7034902493.74,131200,131200,10.0,0,否,,电池,
20250917,000045,深纺织Ａ,5.663502216339111,308788128,5685351801.559999,131315,131315,9.991158485412598,0,否,,光学光电,
20250917,688081,兴图新科,9.977394104003906,273579440,2934579200.0,134112,134112,20.016857147216797,0,否,,通信服务,
20250917,002148,北纬科技,21.091440200805664,1042018208,5131207117.62,134112,134412,10.019268035888672,2,是,,通信服务,
20250917,002448,中原内配,14.728541374206543,754251856,5307010814.85,134130,134130,10.009443283081055,0,否,,汽车零部,
20250917,002514,宝馨科技,21.426841735839844,881989648,4288225203.36,134409,134409,9.943181991577148,0,否,,通用设备,
20250917,688279,峰岹科技,9.418911933898926,1291483840,14719761560.16,135922,145604,20.0,1,是,,半导体,
20250917,920857,泓禧科技,12.090828895568848,244848820,2261658565.12,141610,141610,29.987239837646484,0,否,,电子元件,
20250917,600379,宝光股份,5.366913318634033,221114726,4289318316.36,142209,142209,9.991532325744629,0,否,,电网设备,
20250917,600322,津投城开,16.55802345275879,550466816,3648810000.0,142313,142313,10.0,0,否,,房地产开,
20250917,688135,利扬芯片,14.945880889892578,913478752,6829198371.0,142410,142410,20.014270782470703,0,否,,半导体,
20250917,000737,北方铜业,14.71066951751709,4067445232,29044206940.0,144124,145215,10.028860092163086,1,是,,有色金属,
20250917,605178,时空科技,12.835598945617676,352947424,2840623600.0,145242,145242,10.015349388122559,0,否,,装修装饰,
20250917,605289,罗曼股份,7.501613140106201,465021504,6494833125.0,145442,145442,10.0,0,否,,装修装饰,
20250918,002674,兴业科技,1.0027004480361938,45792513,4566918607.72,092500,092500,10.007046699523926,0,否,,纺织服装,
20250918,605255,天普股份,0.4601730406284332,51581200,11209088000.0,092503,092503,10.0,0,否,,汽车零部,
20250918,600869,远东股份,8.224910736083984,1483766224,18154305462.28,093335,144726,9.946236610412598,26,是,,电网设备,
20250918,002062,宏润建设,6.527622222900391,825670240,12720289400.130001,093424,144736,10.019454956054688,13,是,,工程建设,
20250918,603030,全筑股份,20.847370147705078,897011376,4359049951.2,093438,145508,9.966776847839355,12,是,,装修装饰,
20250918,600157,永泰能源,9.833199501037598,3626473264,37308376687.95,093538,140932,10.322580337524414,2,是,,电力行业,
20250918,603757,大元泵业,15.593297004699707,1577777040,10217193375.43,093708,144517,10.002008438110352,15,是,,通用设备,
20250918,300126,锐奇股份,12.978614807128906,265210567,2121272729.28,093930,093930,20.02383804321289,0,否,,通用设备,
20250918,600400,红豆股份,5.944026947021484,405672816,6942856711.559999,094001,094337,10.181818008422852,1,是,,纺织服装,
20250918,002975,博杰股份,20.388330459594727,1476851504,7386839624.400001,094112,145248,9.993694305419922,8,是,,专用设备,
20250918,002641,公元股份,3.587959051132202,187253837,5261735189.92,094139,094315,9.952607154846191,1,是,,装修建材,
20250918,920030,德众汽车,32.8753662109375,347641136,1111243525.0800002,094533,094712,30.000001907348633,1,是,,汽车服务,
20250918,600487,亨通光电,7.7425642013549805,4151055440,54331924597.5,094611,141250,10.0,5,是,,通信设备,
20250918,605288,凯迪股份,5.7825026512146,486411360,8633062197.76,095010,144813,10.0,5,是,,专用设备,
20250918,002402,和而泰,16.665546417236328,5819163392,35416308620.850006,095124,144430,10.012516021728516,19,是,,消费电子,
20250918,603158,腾龙股份,23.353849411010742,1345291872,5869959699.76,095416,144740,10.02759838104248,2,是,,汽车零部,
20250918,002949,华阳国际,8.805437088012695,209045463,2420985817.92,100439,100439,10.006901741027832,0,否,,工程咨询,
20250918,600527,江南高纤,18.434127807617188,814818528,4502578345.2,101928,144631,10.169490814208984,16,是,,化纤行业,
20250918,688205,德科立,14.347969055175781,2989131952,22223260191.600002,102144,144911,20.0,31,是,,光学光电,
20250918,002272,川润股份,40.62089157104492,2845058400,7150117688.0,102951,144512,9.98810863494873,10,是,,工程机械,
20250918,603686,福龙马,22.88688087463379,1946564224,8732347092.08,105004,144343,9.994767189025879,9,是,,环保行业,
20250918,001389,广合科技,13.595176696777344,1686645456,12669956771.4,105339,144812,10.005217552185059,22,是,,电子元件,
20250918,002905,金逸影视,18.84693145751953,980486400,5395353600.0,105736,145600,9.97150993347168,4,是,,文化传媒,
20250918,300507,苏奥传感,29.264562606811523,2274645568,8090913849.12,111824,150000,20.0,10,是,,汽车零部,
20250918,603359,东珠生态,21.426067352294922,958890768,4648320320.0,112848,143830,10.031679153442383,9,是,,环保行业,
20250918,688629,华丰科技,23.250268936157227,4215660624,19307177421.87,130002,144720,19.997739791870117,19,是,,电子元件,
20250918,600498,烽火通信,12.99699878692627,4283497536,33691140109.12,130124,144751,10.019047737121582,27,是,,通信设备,
20250918,301042,安联锐视,15.764547348022461,545859424,3623793334.84,130745,133200,19.991260528564453,1,是,,计算机设,
20250918,002768,国恩股份,4.016812801361084,356624864,9273974118.75,131221,131221,10.0,0,否,,塑料制品,
20250918,600056,中国医药,9.399842262268066,1658927280,18018985309.9,131417,144450,10.045661926269531,3,是,,医药商业,
20250918,603016,新宏泰,7.249658584594727,309567696,4412204800.0,133344,145047,10.01108169555664,2,是,,电网设备,
20250918,603186,华正新材,13.412689208984375,804346608,6169002452.88,133458,145032,10.002532958984375,1,是,,电子元件,
20250918,002476,宝莫股份,16.610979080200195,598245360,3696041043.0,134609,145500,10.018214225769043,19,是,,化学制品,
20250918,301446,福事特,36.61210250854492,375419888,1079612560.0,134742,145603,19.985876083374023,5,是,,通用设备,
20250918,605089,味知香,5.6631622314453125,222634129,4152420000.0,140934,140934,10.018281936645508,0,否,,食品饮料,
20250918,600706,曲江文旅,21.542909622192383,629718512,3015338295.95,143023,143023,10.009267807006836,0,否,,旅游酒店,
20250918,601869,长飞光纤,6.458892345428467,2703307584,44554996130.100006,145001,145001,10.002006530761719,0,否,,通信设备,
20250919,600718,东软集团,2.009775400161743,270073616,13438000137.6,092502,092502,10.02921199798584,0,否,,互联网服,
20250919,603421,鼎信通讯,1.7367503643035889,84159023,4845775496.73,093000,093000,10.074073791503906,0,否,,通信服务,
20250919,002468,申通快递,2.765089511871338,760670656,27524671362.160004,093000,095109,10.029325485229492,11,是,,物流行业,
20250919,603810,丰山集团,3.568100929260254,94078023,2648893315.88,093035,093035,10.020590782165527,0,否,,农药兽药,
20250919,600159,大龙地产,18.411426544189453,503250160,2805410924.16,093115,142357,10.0977201461792,7,是,,房地产开,
20250919,600509,天富能源,7.042865753173828,832122192,11916025518.69,093317,133702,10.02538013458252,1,是,,电力行业,
20250919,001309,德明利,12.827868461608887,2864618048,22529879236.46,093409,134121,10.00078010559082,10,是,,半导体,
20250919,600562,国睿科技,3.6394922733306885,1375133280,38000849904.0,093509,133857,9.99281120300293,7,是,,通信设备,
20250919,600996,贵广网络,5.436801433563232,601416736,11208730687.460001,093613,100633,10.03671932220459,4,是,,文化传媒,
20250919,002715,登云股份,3.3218696117401123,123265731,3806040000.0,093627,093627,10.011966705322266,0,否,,汽车零部,
20250919,600330,天通股份,16.574546813964844,2573137024,15701620115.68,093651,110833,10.025928497314453,9,是,,非金属材,
20250919,688662,富信科技,10.95991039276123,542800496,5100272000.0,093917,102050,19.991695404052734,4,是,,电子元件,
20250919,002584,西陇科学,13.156994819641113,558941312,4318892578.940001,094309,094309,10.023866653442383,0,否,,电子化学,
20250919,002549,凯美特气,19.84728240966797,2752223232,14373383759.76,094800,134003,10.015897750854492,2,是,,化学制品,
20250919,002453,华软科技,10.134309768676758,404176560,4081002485.76,094842,094842,10.082645416259766,0,否,,化学制品,
20250919,002303,美盈森,7.934891700744629,354542960,4544603932.900001,094900,094900,10.070257186889648,0,否,,包装材料,
20250919,002097,山河智能,24.244693756103516,4040216384,16991554361.76,100557,145509,10.0,3,是,,工程机械,
20250919,600619,海立股份,17.38182258605957,3374295888,19910880153.54,100708,135426,9.982563972473145,23,是,,家电行业,
20250919,002222,福晶科技,13.261273384094238,3054757088,23627617005.579998,101730,145424,10.004359245300293,2,是,,光学光电,
20250919,002460,赣锋锂业,12.61994743347168,7897773312,63797887325.74,102112,134315,9.995835304260254,6,是,,能源金属,
20250919,002796,世嘉科技,13.441930770874023,612416112,4788854969.259999,103145,103145,10.005184173583984,0,否,,专用设备,
20250919,300993,玉马科技,15.555231094360352,713426880,4878489985.5,103621,103621,20.023696899414062,0,否,,家用轻工,
20250919,301043,绿岛风,9.612601280212402,238164832,2624583437.5,103942,103942,20.00518798828125,0,否,,专用设备,
20250919,001330,博纳影业,6.287222862243652,403655280,6659293618.75,105006,105006,10.035211563110352,0,否,,文化传媒,
20250919,002154,报 喜 鸟,27.389358520507812,1448451312,5521335665.04,105648,145551,10.117647171020508,1,是,,纺织服装,
20250919,002739,万达电影,6.717832565307617,1740491280,26735528189.940002,110006,112245,10.04291820526123,1,是,,文化传媒,
20250919,002564,天沃科技,11.508724212646484,880800912,7781674561.620001,110703,145651,9.951457023620605,6,是,,专业服务,
20250919,002785,万里石,15.690828323364258,923697248,6044784518.5199995,111051,111051,10.0,0,否,,装修建材,
20250919,603219,富佳股份,5.9930315017700195,727622656,12592202000.0,112115,145551,10.004903793334961,1,是,,家电行业,
20250919,603956,威派格,17.569419860839844,714922432,4183112139.24,112803,144709,10.044978141784668,2,是,,专用设备,
20250919,605068,明新旭腾,4.4562249183654785,245518294,5653867828.4,130916,130916,10.0,0,否,,汽车零部,
20250919,603978,深圳新星,11.39134693145752,521452224,4758065499.46,131011,131011,10.00487995147705,0,否,,有色金属,
20250919,000978,桂林旅游,13.413585662841797,456430480,3595152000.0,132212,132212,10.028653144836426,0,否,,旅游酒店,
20250919,603863,松炀资源,11.859943389892578,561330736,4884995500.0,133626,133626,10.0,0,否,,造纸印刷,
20250919,002052,同洲电子,8.80789852142334,896341648,10630349930.1,135257,135257,9.985734939575195,0,否,,家电行业,
20250919,001221,悍高集团,30.728532791137695,627507040,2140182306.88,141039,143527,9.998205184936523,3,是,,家用轻工,
20250919,301379,天山电子,28.461423873901367,998474512,3741609954.6,141227,141227,19.983753204345703,0,否,,光学光电,
20250919,000014,沙河股份,10.329509735107422,434069008,4465752832.8,144136,144524,10.017889022827148,3,是,,房地产开,
20250919,603036,如通股份,6.487916946411133,281896864,4657796225.25,145353,145353,10.024331092834473,0,否,,专用设备,
20250922,002402,和而泰,1.0499671697616577,424486864,40428582559.91,092500,092500,9.997807502746582,0,否,,消费电子,
20250922,300111,向日葵,1.7056400775909424,130633333,7658903748.3,092500,092500,19.959678649902344,0,否,,化学制药,
20250922,002298,中电鑫龙,12.33905029296875,887496608,7194516745.68,092500,093418,10.0,2,是,,电网设备,
20250922,600167,联美控股,0.2901436984539032,52129983,17966953276.22,092502,092502,9.972298622131348,0,否,,公用事业,
20250922,002925,盈趣科技,1.4511280059814453,208952393,14399576955.96,093000,093000,10.011248588562012,0,否,,消费电子,
20250922,002475,立讯精密,1.247146725654602,5501600768,441209229932.15,093009,093009,9.99819564819336,0,否,,消费电子,
20250922,002065,东华软件,7.842410087585449,2575183904,32946752283.170002,093203,095527,10.0,2,是,,软件开发,
20250922,002045,国光电器,6.362479209899902,625964416,9938823682.58,093206,093206,10.01243782043457,0,否,,消费电子,
20250922,603239,浙江仙通,2.5037307739257812,134858630,5476665600.0,093249,093249,10.005437850952148,0,否,,汽车零部,
20250922,002849,威星智能,24.077342987060547,766651712,3201603472.7999997,093254,132924,9.973404884338379,9,是,,仪器仪表,
20250922,603269,海鸥股份,6.925813674926758,286909552,4239161774.6400003,093408,093408,10.01602554321289,0,否,,通用设备,
20250922,002662,峰璟股份,3.4406607151031494,213567382,6284920809.000001,093551,093551,9.973752975463867,0,否,,汽车零部,
20250922,600182,S佳通,4.989953517913818,134409584,2703000000.0,093608,150000,5.019814968109131,7,是,,橡胶制品,
20250922,600635,大众公用,9.822820663452148,1294868432,13327542129.25,093627,100518,9.980039596557617,3,是,,燃气,
20250922,603215,比依股份,4.784992218017578,201844664,4283785334.3999996,093715,093715,10.0,0,否,,家电行业,
20250922,603322,超讯通信,16.15692901611328,1169501520,7304147994.6,093813,100501,9.990508079528809,2,是,,通信服务,
20250922,300250,初灵信息,34.238670349121094,1160125472,3454654802.27,093848,095800,19.989046096801758,5,是,,互联网服,
20250922,002239,奥特佳,5.579904556274414,635035936,11642904529.46,094233,094233,10.122699737548828,0,否,,汽车零部,
20250922,603286,日盈电子,5.163461208343506,249232448,4954758694.83,094326,094326,9.992313385009766,0,否,,汽车零部,
20250922,688330,宏力达,9.567214012145996,534730624,5703600000.0,094337,101737,20.0,5,是,,电网设备,
20250922,603633,徕木股份,8.208853721618652,459696624,5706460636.66,094518,100942,10.041152000427246,1,是,,汽车零部,
20250922,000727,冠捷科技,11.17866325378418,1514624976,13905770628.599998,094645,133357,10.035842895507812,2,是,,光学光电,
20250922,002837,英维克,7.170814514160156,4837297408,68996829834.56,095609,095609,9.994626998901367,0,否,,专用设备,
20250922,002513,蓝丰生化,9.768562316894531,147469073,1554048067.76,095803,095803,9.94371509552002,0,否,,农药兽药,
20250922,002145,中核钛白,10.435294151306152,2232079872,21776617671.76,100218,145400,9.98116683959961,1,是,,化学原料,
20250922,000981,山子高科,17.320466995239258,6803976448,40526896956.18,100257,100257,10.077519416809082,0,否,,汽车零部,
20250922,600797,浙大网新,19.801837921142578,2327524336,11909030628.3,100453,102129,9.96204948425293,6,是,,互联网服,
20250922,600857,宁波中百,5.018416404724121,161752802,3306475606.06,100607,101146,10.0,1,是,,商业百货,
20250922,002249,大洋电机,13.02662181854248,2457855280,19451179566.390003,101324,103257,10.041407585144043,6,是,,电机,
20250922,301086,鸿富瀚,11.902897834777832,423667296,3753928220.9,101736,101736,20.006053924560547,0,否,,消费电子,
20250922,300539,横河精密,13.570391654968262,1077854608,8364546491.999999,101815,101815,20.0,0,否,,塑料制品,
20250922,002276,万马股份,13.177176475524902,2641861696,20719248123.97,102409,102409,10.0,0,否,,电网设备,
20250922,002654,万润科技,22.417577743530273,2920178576,13371737046.08,103006,105645,10.013908386230469,1,是,,文化传媒,
20250922,002957,科瑞技术,6.1477861404418945,501654960,8380720783.379999,103233,103233,10.016510963439941,0,否,,专用设备,
20250922,603429,集友股份,3.8736135959625244,251711784,6781597062.45,103607,103607,10.042552947998047,0,否,,造纸印刷,
20250922,002938,鹏鼎控股,2.1023049354553223,2978153376,146365302227.85,104633,140827,10.003467559814453,2,是,,电子元件,
20250922,605100,华丰股份,4.850337982177734,216642720,4610255160.0,105513,105513,10.016221046447754,0,否,,通用设备,
20250922,600375,汉马科技,15.071915626525879,1279200720,8755870368.0,110016,143719,9.972677230834961,1,是,,汽车整车,
20250922,002718,友邦吊顶,11.140636444091797,159905440,1512662675.3,110727,110727,9.983566284179688,0,否,,装修建材,
20250922,600105,永鼎股份,13.230222702026367,2060098176,16081942822.0,130138,132153,10.0,2,是,,通信设备,
20250922,002980,华盛昌,10.023177146911621,252452965,2583666914.3999996,130633,130633,10.0,0,否,,仪器仪表,
20250922,002006,精工科技,12.904227256774902,1469918544,11705748268.8,130730,145345,10.014655113220215,1,是,,专用设备,
20250922,603019,中科曙光,8.229198455810547,13812468992,171882683588.64,130751,142136,9.9971923828125,3,是,,计算机设,
20250922,002716,湖南白银,14.424083709716797,2110181200,14920733844.0,134233,134233,9.934853553771973,0,否,,贵金属,
20250922,605488,福莱新材,8.403030395507812,903071760,11244562906.0,134806,134806,9.99183177947998,0,否,,塑料制品,
20250922,000509,华塑控股,7.803835868835449,285544608,3734474331.84,135918,145657,10.126582145690918,8,是,,光学光电,
20250922,600376,首开股份,17.523223876953125,3388180128,20610726283.58,141043,142958,10.055096626281738,11,是,,房地产开,
20250922,301319,唯特偶,26.14752960205078,632971296,2551645567.2,143403,143403,19.98859405517578,0,否,,电子元件,
20250922,603226,菲林格尔,2.231259346008301,238719421,11180216166.5,143817,143817,10.003497123718262,0,否,,装修建材,
20250922,603011,合锻智能,20.298187255859375,1803518304,9225773394.42,144025,144025,10.023585319519043,0,否,,专用设备,
20250922,300836,佰奥智能,14.888298034667969,486394736,3565666905.1699996,144254,144254,19.995746612548828,0,否,,专用设备,
20250922,688332,中科蓝讯,24.46832847595215,1447927248,6196032556.82,144539,144539,19.996566772460938,0,否,,半导体,
20250922,000603,盛达资源,6.115911960601807,882309168,14867774805.7,145333,145333,10.014800071716309,0,否,,有色金属,
20250922,300115,长盈精密,19.239429473876953,8974748416,51163567178.4,145436,145436,20.012727737426758,0,否,,消费电子,
20250923,300604,长川科技,10.922924041748047,4240697120,38975955382.25,092500,094612,20.002988815307617,1,是,,半导体,
20250923,002515,金字火腿,21.238065719604492,2012825504,9503207440.9,092500,101821,9.943977355957031,10,是,,食品饮料,
20250923,600416,湘电股份,4.277032852172852,928434224,21749919762.45,092503,093854,9.986595153808594,2,是,,电机,
20250923,600159,大龙地产,7.356344699859619,199790962,2772210794.88,093126,093126,9.86842155456543,0,否,,房地产开,
20250923,603090,宏盛股份,11.50182819366455,541406688,4725000000.0,093246,141752,10.011641502380371,14,是,,通用设备,
20250923,603030,全筑股份,5.1287641525268555,227796861,4517081973.6,093255,093255,9.935897827148438,0,否,,装修装饰,
20250923,603316,诚邦股份,6.6866888999938965,221359648,3342939600.0,093303,093303,10.0,0,否,,工程建设,
20250923,600337,美克家居,5.021988391876221,170774602,3506275454.2799997,093313,093313,9.909910202026367,0,否,,装修建材,
20250923,002060,广东建工,7.478002071380615,481358880,6501308985.6,093321,093321,10.052909851074219,0,否,,工程建设,
20250923,603035,常熟汽饰,14.754650115966797,951023984,6469689432.8,093408,150000,10.031152725219727,21,是,,汽车零部,
20250923,603166,福达股份,10.574386596679688,1381395168,13323330373.35,093644,100353,10.026385307312012,4,是,,汽车零部,
20250923,001234,泰慕士,14.704495429992676,505612144,3637939875.0,094727,094906,9.988931655883789,1,是,,纺织服装,
20250923,002040,南 京 港,10.732268333435059,554557936,5291888179.05,094736,094736,10.0,0,否,,航运港口,
20250923,600798,宁波海运,18.189016342163086,949162800,5332881168.42,095207,130328,9.950248718261719,3,是,,航运港口,
20250923,002674,兴业科技,8.052790641784668,380792384,5005764085.72,100339,100339,10.03215503692627,0,否,,纺织服装,
20250923,603595,东尼电子,15.095661163330078,954348560,6501411858.219999,101252,131022,9.988203048706055,6,是,,消费电子,
20250923,000559,万向钱潮,9.528227806091309,3307179600,36526277238.28,104115,111721,9.980039596557617,2,是,,汽车零部,
20250923,688373,盟科药业-U,20.43461036682129,1009890048,5102522523.26,104347,143320,20.024721145629883,4,是,,生物制品,
20250923,605358,立昂微,6.958351135253906,1330477056,20167832477.12,104556,104556,9.996337890625,0,否,,半导体,
20250923,600735,新华锦,10.3977689743042,258214294,2650564882.21,104628,104628,10.070671081542969,0,否,,纺织服装,
20250923,605055,迎丰股份,6.229157447814941,251888401,4202000000.0000005,105237,105237,10.023041725158691,0,否,,纺织服装,
20250923,605060,联德股份,4.573890686035156,307122736,6859277920.0,130431,142443,9.992283821105957,1,是,,通用设备,
20250923,002703,浙江世宝,14.3325777053833,1148161360,8392208419.68,130851,130851,9.984639167785645,0,否,,汽车零部,
20250923,603985,恒润股份,11.215389251708984,846778272,7873723933.58,132608,132608,9.975369453430176,0,否,,风电设备,
20250923,002998,优彩资源,9.756175994873047,199649926,2161788536.4,132636,132636,10.037175178527832,0,否,,化纤行业,
20250923,603159,上海亚虹,4.086886405944824,145193111,3789800000.0,133119,133119,9.995936393737793,0,否,,专用设备,
20250923,002130,沃尔核材,23.195663452148438,8042195712,35880443393.85,133333,141342,10.0,1,是,,非金属材,
20250923,000014,沙河股份,12.997115135192871,618769104,5099913939.68,140021,145000,10.02610969543457,3,是,,房地产开,
20250923,603903,中持股份,7.9622602462768555,223333807,2994897500.4,144214,145647,10.03752326965332,1,是,,环保行业,
20250923,600895,张江高科,11.760088920593262,7782295552,71487509628.0,144813,144813,10.009532928466797,0,否,,房地产开,
20250923,301629,矽电股份,45.38325881958008,942434192,2356003736.15,145009,145009,19.998937606811523,0,否,,半导体,
20250923,301421,波长光电,50.26720428466797,2655739824,6001579656.0,145100,145100,20.0,0,否,,光学光电,
20250924,001208,华菱线缆,6.779770851135254,261616243,3858776993.55,092500,092500,9.9849853515625,0,否,,电网设备,
20250924,603087,甘李药业,6.154260635375977,2695632880,44260499737.200005,092503,100936,9.995840072631836,1,是,,生物制品,
20250924,000826,启迪环境,5.691963195800781,201900889,3548680667.9100003,093000,093000,10.176990509033203,0,否,,环保行业,
20250924,000685,中山公用,5.5570759773254395,823034368,14972308202.34,093003,093806,10.046082496643066,3,是,,公用事业,
20250924,002418,康盛股份,6.466259479522705,367711536,5716078610.14,093021,093021,10.065646171569824,0,否,,家电行业,
20250924,002207,准油股份,10.27901840209961,215670118,2117793033.9999998,093121,093121,10.027100563049316,0,否,,采掘行业,
20250924,002562,兄弟科技,15.746142387390137,822412144,5268481160.33,093200,093703,9.956075668334961,2,是,,化学制品,
20250924,000006,深振业Ａ,5.151737689971924,634710336,12514383160.92,093251,094248,9.964412689208984,6,是,,房地产开,
20250924,603726,朗迪集团,9.215475082397461,395044480,4412631118.0,093300,105242,9.990792274475098,1,是,,家电行业,
20250924,600172,黄河旋风,9.938299179077148,659630064,6687580130.0,093320,101229,10.084033966064453,2,是,,非金属材,
20250924,002490,山东墨龙,8.058992385864258,265494511,3326173080.0,093336,093336,10.035842895507812,0,否,,专用设备,
20250924,001330,博纳影业,4.1292829513549805,283815248,7000249452.030001,093339,093339,10.050251007080078,0,否,,文化传媒,
20250924,600400,红豆股份,11.648427963256836,966222960,8775954193.16,093517,093917,10.05747127532959,1,是,,纺织服装,
20250924,002029,七 匹 狼,6.503328323364258,359782400,5655950651.5,093518,093518,9.961190223693848,0,否,,纺织服装,
20250924,002156,通富微电,6.304114818572998,3542582768,57238297813.84,093606,093606,10.00291633605957,0,否,,半导体,
20250924,603809,豪能股份,7.0350117683410645,989990320,14256238837.659998,093743,094701,10.019906997680664,4,是,,汽车零部,
20250924,300270,中威电子,12.929333686828613,345780336,2818046678.4,093851,093851,20.0,0,否,,计算机设,
20250924,002295,精艺股份,5.617678642272949,167642318,3071107380.0,093906,093906,10.044842720031738,0,否,,有色金属,
20250924,920145,恒合股份,16.520986557006836,247983707,1572194424.9999998,094118,094118,29.97987937927246,0,否,,仪器仪表,
20250924,688233,神工股份,12.395318031311035,898924768,7580308309.36,094126,100053,20.005393981933594,1,是,,半导体,
20250924,600637,东方明珠,4.934994220733643,1575258848,32812142213.92,094709,094954,10.033822059631348,1,是,,文化传媒,
20250924,600239,云南城投,4.942116737365723,217815947,4528037083.38,094940,094940,10.15625,0,否,,房地产服,
20250924,600848,上海临港,2.202883243560791,548672416,25519104830.18,095259,103505,10.010319709777832,1,是,,房地产开,
20250924,600604,市北高新,3.62684965133667,293539600,8219536055.36,095336,095751,9.98116683959961,1,是,,房地产服,
20250924,000514,渝 开 发,4.715899467468262,221875906,4817932210.15,095745,095745,10.019268035888672,0,否,,房地产开,
20250924,603800,洪田股份,5.464139461517334,582522304,10982400000.0,101553,101553,10.0,0,否,,专用设备,
20250924,002298,中电鑫龙,28.815399169921875,2285755760,8284595040.48,101748,101748,10.0,0,否,,电网设备,
20250924,688585,上纬新材,4.3340935707092285,1870870944,44402059018.24,102429,132003,20.00436019897461,10,是,,塑料制品,
20250924,300666,江丰电子,18.265892028808594,3759598736,21854745906.66,102506,104848,20.0,1,是,,半导体,
20250924,002294,信立泰,1.3277862071990967,868645248,67141439936.64,103330,105536,10.007305145263672,1,是,,化学制药,
20250924,002015,协鑫能科,5.984516620635986,1199483232,20583756105.52,103633,105151,9.973980903625488,1,是,,电力行业,
20250924,002971,和远气体,4.451482772827148,239424587,5557876927.92,103800,112933,10.006373405456543,1,是,,化学制品,
20250924,301209,联合化学,6.873456954956055,365235136,5678933839.200001,104815,104815,20.0,0,否,,化学原料,
20250924,002150,通润装备,10.620125770568848,627368560,6184426495.5,105030,105251,10.012754440307617,1,是,,光伏设备,
20250924,000021,深科技,8.722709655761719,3268717168,39175733650.0,105154,105154,9.986801147460938,0,否,,消费电子,
20250924,603650,彤程新材,6.684270858764648,1597635504,24817297162.35,105911,110156,10.007942199707031,1,是,,橡胶制品,
20250924,600060,海信视像,2.994462728500366,943252048,32465212963.37,110139,111521,10.0,1,是,,家电行业,
20250924,603156,养元饮品,1.1191519498825073,318426784,29301453409.5,111400,131821,9.9810791015625,1,是,,食品饮料,
20250924,000009,中国宝安,3.8153998851776123,1073487008,29160551663.8,111454,111454,10.00971794128418,0,否,,综合行业,
20250924,603931,格林达,6.836376667022705,402232560,6088526173.8,111639,112410,9.985580444335938,1,是,,电子化学,
20250924,002371,北方华创,2.5853705406188965,8298813440,333306272616.24,112003,112003,10.0,0,否,,半导体,
20250924,688545,兴福电子,34.28764724731445,928621696,2865781736.48,112146,134346,19.98779296875,2,是,,电子化学,
20250924,603823,百合花,3.657440662384033,208386329,5910633027.52,112838,112838,10.022953033447266,0,否,,化学制品,
20250924,605566,福莱蒽特,5.861841678619385,227733903,3988199400.0,130036,130036,10.003677368164062,0,否,,化学制品,
20250924,300854,中兰环保,15.28653335571289,269994448,1884668073.7500002,130736,130736,19.989643096923828,0,否,,环保行业,
20250924,002812,恩捷股份,4.773519515991211,1646516576,36036835959.670006,130909,130909,9.990133285522461,0,否,,电池,
20250924,002708,光洋股份,14.555415153503418,1113315072,7879545220.26,131236,133215,9.971305847167969,3,是,,汽车零部,
20250924,002020,京新药业,3.8365895748138428,581124272,15659435086.05,131809,142736,10.020346641540527,3,是,,化学制药,
20250924,600857,宁波中百,12.265990257263184,450217136,3793249830.29,131821,140803,10.019518852233887,16,是,,商业百货,
20250924,002632,道明光学,4.750321865081787,293239120,6505485602.98,132400,132400,10.039369583129883,0,否,,塑料制品,
20250924,600126,杭钢股份,8.620049476623535,2943973456,35224082135.69,132443,132728,10.021097183227539,2,是,,钢铁行业,
20250924,000672,上峰水泥,4.832225799560547,436940336,9315890274.5,132451,132451,9.954233169555664,0,否,,水泥建材,
20250924,603703,盛洋科技,7.7969770431518555,355294144,4693447777.2,134601,134601,10.019454956054688,0,否,,光学光电,
20250924,603135,中重科技,8.970664978027344,253784880,2945982438.96,134959,134959,10.0,0,否,,专用设备,
20250924,601717,中创智领,4.999101161956787,2059045424,42702569063.700005,135414,140256,10.011919021606445,3,是,,汽车零部,
20250924,600095,湘财股份,7.637983322143555,2685526800,36340276213.53,135451,143610,10.043290138244629,7,是,,证券,
20250924,603991,至正股份,8.962636947631836,436136576,5003534415.74,135659,135659,9.995083808898926,0,否,,塑料制品,
20250924,001221,悍高集团,32.511810302734375,762292448,2452408642.12,141212,141324,9.993734359741211,1,是,,家用轻工,
20250924,603045,福达合金,5.652782440185547,151162584,2760372258.9,141329,141329,9.983810424804688,0,否,,有色金属,
20250924,603728,鸣志电器,6.70904016494751,2157294160,33640453575.0,141753,142126,9.998629570007324,1,是,,电机,
20250924,002246,北化股份,12.881353378295898,1448052032,11612085893.099998,141815,145342,9.984399795532227,7,是,,化学制品,
20250924,600843,上工申贝,10.578984260559082,592700368,5823054079.3,142822,143001,10.017730712890625,1,是,,专用设备,
20250924,600103,青山纸业,25.39995574951172,2024499088,8672329864.24,143147,144659,10.112359046936035,2,是,,造纸印刷,
20250924,003036,泰坦股份,3.6842401027679443,138317768,3929801124.17,143754,143754,9.97581672668457,0,否,,专用设备,
20250924,002129,TCL中环,4.716274261474609,1553657760,34542340230.15,143939,143939,10.038609504699707,0,否,,光伏设备,
20250924,301148,嘉戎技术,19.427324295043945,207637429,1145198224.8,144630,144630,20.0,0,否,,环保行业,
20250925,688109,品茗科技,6.867652416229248,313013440,4643811470.0,092504,093649,20.008150100708008,1,是,,软件开发,
20250925,603011,合锻智能,6.299200057983398,621492352,9913009461.85,093045,093045,9.983543395996094,0,否,,专用设备,
20250925,603040,XD新坐标,1.2345595359802246,140684653,11570757942.119999,093103,093103,10.00387191772461,0,否,,汽车零部,
20250925,002210,飞马国际,18.29266929626465,2121525824,11714091932.34,093239,095903,9.975062370300293,3,是,,环保行业,
20250925,002471,中超控股,11.582902908325195,811839904,7073082455.46,093251,093251,9.93914794921875,0,否,,电网设备,
20250925,601218,吉鑫科技,5.3752007484436035,264639349,4990522586.8,093312,093312,10.04273509979248,0,否,,风电设备,
20250925,603312,西典新能,13.34327507019043,348168464,2661188400.0,093326,143935,10.008684158325195,2,是,,电网设备,
20250925,002021,中捷资源,4.588332176208496,162862587,3634131188.64,093618,093618,10.144927024841309,0,否,,专用设备,
20250925,300818,耐普矿机,12.696006774902344,396013328,3206739847.48,093745,093745,19.991806030273438,0,否,,专用设备,
20250925,603286,日盈电子,4.738212585449219,246647619,5357556455.02,093923,093923,10.0,0,否,,汽车零部,
20250925,001211,双枪科技,7.072749614715576,127128191,1837716052.25,094257,094257,9.98396110534668,0,否,,家用轻工,
20250925,601619,嘉泽新能,10.756561279296875,1309658864,12342963976.2,094418,145642,9.978307723999023,11,是,,电力行业,
20250925,605277,新亚电子,9.931992530822754,831231232,8526012184.400001,094524,094524,10.016420364379883,0,否,,消费电子,
20250925,000890,法尔胜,9.596118927001953,183931649,1954828274.3600001,094548,094548,9.905660629272461,0,否,,通用设备,
20250925,601789,宁波建工,12.113784790039062,784870096,6596867441.3,094824,095147,9.963768005371094,2,是,,工程建设,
20250925,002951,金时科技,2.5355567932128906,171397259,6840392996.25,095012,095012,10.032573699951172,0,否,,电源设备,
20250925,301137,哈焊华通,11.762487411499023,738877024,6541224714.0,095639,095639,19.993391036987305,0,否,,通用设备,
20250925,002755,奥赛康,1.3612409830093384,285672976,21607368689.280003,095642,095642,10.018903732299805,0,否,,化学制药,
20250925,600556,天下秀,5.369124889373779,531738672,10123386795.199999,100103,100103,10.019646644592285,0,否,,文化传媒,
20250925,000020,深华发Ａ,6.689226150512695,182058915,2782700405.7599998,100606,100606,10.028653144836426,0,否,,光学光电,
20250925,601616,广电电气,12.702997207641602,458661680,3645193612.1299996,100932,132932,10.051546096801758,7,是,,电网设备,
20250925,000977,浪潮信息,9.546732902526855,10353262848,111830785109.55,102018,102018,9.99421501159668,0,否,,计算机设,
20250925,000988,华工科技,10.271661758422852,9829953536,98166998975.76001,103318,133939,10.0,9,是,,电子元件,
20250925,603878,武进不锈,11.207401275634766,547262336,4982294185.200001,103634,142501,10.037175178527832,4,是,,钢铁行业,
20250925,600629,华建集团,5.147044658660889,995256736,20539672427.5,112938,130002,10.005104064941406,1,是,,工程咨询,
20250925,601231,环旭电子,2.355438709259033,1104302720,48694038795.9,130006,132030,10.024813652038574,3,是,,消费电子,
20250925,600769,祥龙电业,6.341267108917236,281413072,4600970244.0,131231,131231,10.044842720031738,0,否,,工程建设,
20250925,000892,欢瑞世纪,15.934309005737305,709543856,4584895128.3,131903,131903,10.068259239196777,0,否,,文化传媒,
20250925,603083,剑桥科技,14.711615562438965,4720749056,33467637545.670002,140440,140440,9.998237609863281,0,否,,通信设备,
20250925,002180,纳思达,4.386313438415527,1454365712,34482319933.26,142251,142251,10.01742172241211,0,否,,计算机设,
20250925,601727,上海电气,10.010565757751465,12008468480,123128642847.36,144606,144606,10.033822059631348,0,否,,电源设备,
20250926,002803,吉宏股份,8.172714233398438,491297248,6015083016.04,092500,095451,9.978880882263184,1,是,,文化传媒,
20250926,600403,大有能源,0.868261992931366,84279575,9706698352.119999,092501,092501,10.027100563049316,0,否,,煤炭行业,
20250926,300080,易成新能,1.7476609945297241,159935562,9167216690.1,093000,093000,20.098039627075195,0,否,,通用设备,
20250926,600810,神马股份,2.691998243331909,295997056,11118578040.220001,093112,093112,10.049751281738281,0,否,,化纤行业,
20250926,000826,启迪环境,11.099180221557617,386937216,3577184127.0899997,093139,093139,10.087719917297363,0,否,,环保行业,
20250926,002208,合肥城建,6.4260969161987305,396235296,6239965655.91,093215,093215,10.056657791137695,0,否,,房地产开,
20250926,002510,天汽模,9.317290306091309,684908352,7425818930.94,093230,093230,9.970237731933594,0,否,,汽车零部,
20250926,603937,丽岛新材,5.127341270446777,140451077,2786471539.5,093340,093340,9.975268363952637,0,否,,有色金属,
20250926,688148,芳源股份,6.397563457489014,214257999,3423261185.63,093404,093404,20.035778045654297,0,否,,电池,
20250926,601615,明阳智能,4.576016426086426,1602069168,35276343844.18,093428,143704,9.985836029052734,5,是,,风电设备,
20250926,002659,凯文教育,12.084692001342773,491598288,4134098022.52,093506,144621,10.03184700012207,9,是,,教育,
20250926,603335,迪生力,14.227718353271484,382324496,2710155318.0,093754,112736,10.086956977844238,4,是,,汽车零部,
20250926,002725,跃岭股份,14.708059310913086,486777296,3347698044.1099997,093812,094736,10.034843444824219,1,是,,汽车零部,
20250926,000889,中嘉博创,5.207086086273193,165414618,3244539291.48,094027,094027,10.029498100280762,0,否,,通信服务,
20250926,000559,万向钱潮,5.025452136993408,1906823264,39111621725.200005,094145,094145,9.972041130065918,0,否,,汽车零部,
20250926,002346,柘中股份,3.044940948486328,224189320,7528241035.92,094412,094412,10.0,0,否,,电网设备,
20250926,605028,世茂能源,3.1112375259399414,153276798,5051200000.0,094628,094628,10.0,0,否,,电力行业,
20250926,600303,曙光股份,7.429373264312744,190352470,2607832254.46,094835,094914,9.97150993347168,1,是,,汽车整车,
20250926,001209,洪兴股份,4.676374435424805,89787852,1941111647.2,095127,095127,10.0217866897583,0,否,,纺织服装,
20250926,600370,三房巷,1.4039876461029053,117020944,8572593414.000001,095203,095203,10.0,0,否,,化学制品,
20250926,002765,蓝黛科技,15.616925239562988,1426149728,9373273252.2,100915,100915,10.0,0,否,,光学光电,
20250926,600691,潞化科技,4.263512134552002,296431104,7079246136.96,100947,104305,9.963099479675293,2,是,,化肥行业,
20250926,300904,威力传动,18.914352416992188,307119264,1742610800.6399999,102027,102027,19.996973037719727,0,否,,风电设备,
20250926,920015,锦华新材,74.80259704589844,1157918064,1705902369.98,102250,144705,29.983448028564453,3,是,,化学制品,
20250926,600416,湘电股份,8.783381462097168,1907904800,22147541695.95,102524,142906,10.006583213806152,15,是,,电机,
20250926,002140,东华科技,10.116241455078125,656208256,6668026505.61,103427,144727,10.044842720031738,1,是,,工程建设,
20250926,600169,太原重工,5.306649684906006,469226368,9032813465.0,103504,145510,10.162601470947266,1,是,,专用设备,
20250926,002190,成飞集成,13.338482856750488,2003186912,15382314227.84,104127,143821,10.005130767822266,5,是,,汽车零部,
20250926,603216,梦天家居,3.7782676219940186,154082112,4215521700.0,104919,104919,9.994189262390137,0,否,,装修装饰,
20250926,603239,浙江仙通,8.214058876037598,471454656,6018105600.0,111011,111011,9.995052337646484,0,否,,汽车零部,
20250926,002394,联发股份,7.647862434387207,280899296,3782441590.2,112124,112124,9.962406158447266,0,否,,纺织服装,
20250926,600748,上实发展,3.0907578468322754,276569680,9130586315.4,130018,130018,10.0,0,否,,房地产开,
20250926,605155,西大门,6.720833778381348,215581840,3285866850.0,130734,133858,9.980928421020508,6,是,,家用轻工,
20250926,001226,拓山重工,17.539857864379883,241492142,1437474279.0,132030,132030,9.994808197021484,0,否,,工程机械,
20250926,603163,圣晖集成,15.521157264709473,250781123,1676981752.4999998,132320,132320,10.011480331420898,0,否,,工程建设,
20250926,002772,众兴菌业,11.451425552368164,436803008,3955973493.42,132430,132430,9.978307723999023,0,否,,农牧饲渔,
20250926,002759,天际股份,20.233139038085938,1583154656,8165356115.900001,132524,132524,9.986504554748535,0,否,,电池,
20250926,002291,遥望科技,15.642539024353027,879609968,5840362147.2,143309,143309,9.983633041381836,0,否,,互联网服,
20250929,300948,冠中生态,1.3711742162704468,24105984,1758054036.48,092500,092500,20.0,0,否,,环保行业,
20250929,605376,博迁新材,0.704227089881897,109595928,15562584000.0,092504,092504,10.003698348999023,0,否,,小金属,
20250929,603810,丰山集团,1.9254130125045776,49984004,2596014597.1600003,092504,092504,10.014005661010742,0,否,,农药兽药,
20250929,002925,盈趣科技,10.285643577575684,1559208880,15268263091.339998,093024,144606,10.026524543762207,3,是,,消费电子,
20250929,002407,多氟多,5.113493919372559,1063536912,20962686024.399998,093033,093033,9.977324485778809,0,否,,化学制品,
20250929,603026,石大胜华,3.8840246200561523,369674032,9544201200.0,093036,093415,9.997664451599121,3,是,,化学制品,
20250929,000981,山子高科,9.239934921264648,3353715904,36626420958.05,093121,093448,10.0,1,是,,汽车零部,
20250929,301518,长华化学,17.279796600341797,309597792,1836721634.08,093236,093615,20.01397132873535,1,是,,化学制品,
20250929,002911,佛燃能源,1.9523422718048096,313879456,16324867768.119999,093245,093245,10.008554458618164,0,否,,燃气,
20250929,603286,日盈电子,10.947213172912598,568779392,5304465632.76,093427,094912,10.00478744506836,1,是,,汽车零部,
20250929,600635,大众公用,11.51547908782959,1552405248,13714548797.25,093836,100030,10.097086906433105,6,是,,燃气,
20250929,688275,万润新能,9.345596313476562,502250944,5552932311.0,094012,094012,20.0,0,否,,电池,
20250929,002709,天赐材料,15.717389106750488,8076890112,52058562034.50001,094048,144736,10.008779525756836,3,是,,化学制品,
20250929,002125,湘潭电化,6.571345329284668,612338640,9486289414.91,094142,094142,10.0,0,否,,化学原料,
20250929,000985,大庆华科,4.618577480316162,116858747,2581122445.0,094551,094551,10.0,0,否,,化学制品,
20250929,600173,卧龙新能,7.753634452819824,488799584,6436825282.36,094725,094725,10.059880256652832,0,否,,房地产开,
20250929,603726,朗迪集团,6.326702117919922,295206592,4837455378.0,094844,094844,9.995800018310547,0,否,,家电行业,
20250929,603859,能科科技,7.34062385559082,870541584,12021998050.130001,094933,094933,10.008956909179688,0,否,,软件开发,
20250929,002150,通润装备,9.481078147888184,624991856,6786735858.54,095206,095206,9.994189262390137,0,否,,光伏设备,
20250929,000973,佛塑科技,7.090418338775635,530755504,7681339977.740001,095836,095836,9.972298622131348,0,否,,塑料制品,
20250929,300250,初灵信息,35.57523727416992,1419535744,4162614640.7999997,100857,100857,20.0,0,否,,互联网服,
20250929,000629,钒钛股份,2.615427017211914,724146320,28614033829.920002,101354,101354,10.0,0,否,,钢铁行业,
20250929,002534,西子洁能,3.3424627780914307,451706992,13905145550.939999,101542,101542,9.980430603027344,0,否,,电源设备,
20250929,603610,麒盛科技,5.972208499908447,382003904,6562114234.39,101548,101548,10.0,0,否,,装修建材,
20250929,688335,复洁环保,15.779073715209961,748767056,4938433989.12,101604,150000,20.0,1,是,,环保行业,
20250929,002785,万里石,7.3287672996521,464875216,6464668718.429999,101933,101933,10.009878158569336,0,否,,装修建材,
20250929,002600,领益智造,8.541629791259766,9340589568,111636953522.72,102248,110036,9.993202209472656,3,是,,消费电子,
20250929,000885,城发环境,2.376436233520508,236123251,10234727384.699999,102545,102545,10.006901741027832,0,否,,环保行业,
20250929,600783,鲁信创投,5.483489036560059,558503968,10421030116.0,103005,145435,9.976433753967285,4,是,,非金属材,
20250929,002067,景兴纸业,18.473251342773438,1365014336,7633498424.400001,103303,105315,10.017889022827148,2,是,,造纸印刷,
20250929,002748,世龙实业,5.373716831207275,127012545,2438400000.0,104324,104324,9.956709861755371,0,否,,化学原料,
20250929,002670,国盛金控,8.909300804138184,3097911376,35924749530.42,104357,110557,9.990059852600098,2,是,,证券,
20250929,002778,中晟高科,7.683708190917969,198315271,2678403658.0,112733,112733,9.984794616699219,0,否,,石油行业,
20250929,603124,江南新材,11.425094604492188,289746896,2614528885.5,130013,130013,9.99631118774414,0,否,,电子元件,
20250929,000603,盛达资源,5.578536510467529,925020976,17107941771.94,130103,130103,9.987141609191895,0,否,,有色金属,
20250929,002850,科达利,4.801227569580078,1742281872,37214134238.58,130818,135600,10.00174617767334,1,是,,电池,
20250929,605588,冠石科技,6.1486005783081055,258634527,4358195826.82,130824,130824,10.0,0,否,,半导体,
20250929,605289,罗曼股份,6.623985290527344,470913424,7452536625.000001,131918,131918,9.993603706359863,0,否,,装修装饰,
20250929,000426,兴业银锡,4.349684238433838,2337944384,55492922804.64,132042,141636,9.992961883544922,2,是,,有色金属,
20250929,601688,华泰证券,4.086978912353516,6331232512,159068123967.62,132637,142740,10.005053520202637,1,是,,证券,
20250929,600638,新黄浦,5.869941711425781,237465480,4121188330.32,133641,142753,10.071942329406738,4,是,,房地产开,
20250929,300368,汇金股份,33.76359558105469,3209076320,10092241503.0,134227,145624,20.0,4,是,,计算机设,
20250929,600808,马钢股份,4.03339958190918,918688432,23811327232.14,142554,143433,9.91735553741455,6,是,,钢铁行业,
20250929,002048,宁波华翔,7.630696773529053,2139986864,28697269914.69,145100,145615,10.013606071472168,1,是,,汽车零部,
20250929,000422,湖北宜化,5.967707633972168,876180384,15369880263.519999,145657,145657,9.992429733276367,0,否,,化肥行业,
20250930,603496,恒为科技,1.3628485202789307,154833549,11361023941.64,092500,092500,10.015503883361816,0,否,,互联网服,
20250930,002631,德尔未来,9.27042007446289,386872144,4213869189.12,093006,101048,9.937888145446777,2,是,,装修建材,
20250930,000960,锡业股份,3.0479793548583984,1159793136,38083857169.28,093009,093736,9.980988502502441,3,是,,小金属,
20250930,001309,德明利,3.92130446434021,1274351328,32704354165.739998,093030,093318,10.00107479095459,3,是,,半导体,
20250930,600641,万业企业,4.158302307128906,845701376,20473858240.0,093032,093032,10.0,0,否,,房地产开,
20250930,603306,华懋科技,5.634300231933594,1037997744,18447132583.02,093106,100142,10.00784969329834,1,是,,汽车零部,
20250930,600960,渤海汽车,3.399181604385376,163336721,4847629141.799999,093116,093116,9.913793563842773,0,否,,汽车零部,
20250930,000672,上峰水泥,4.705047130584717,499629872,10682737859.0,093236,133406,9.980039596557617,2,是,,水泥建材,
20250930,002298,中电鑫龙,14.53670597076416,1242829408,8714019823.279999,093239,093239,10.008339881896973,0,否,,电网设备,
20250930,000021,深科技,4.561680316925049,1974743376,43673107873.020004,093303,093303,9.984214782714844,0,否,,消费电子,
20250930,688039,当虹科技,12.3201322555542,817979776,6782079319.68,093439,101900,20.0,2,是,,互联网服,
20250930,300593,新雷能,8.245290756225586,814629760,10103912962.44,093500,093500,20.0,0,否,,电源设备,
20250930,603189,网达软件,9.4607515335083,590824400,6280476531.7,093511,100250,10.009443283081055,2,是,,软件开发,
20250930,002629,仁智股份,6.996039867401123,196470675,2833365446.68,093836,093836,9.944750785827637,0,否,,采掘行业,
20250930,603421,鼎信通讯,4.213844299316406,215213274,5217524088.0,093910,093910,10.041265487670898,0,否,,通信服务,
20250930,002638,勤上股份,4.876189708709717,180003490,3744819180.0199995,093942,093942,9.881422996520996,0,否,,光学光电,
20250930,002295,精艺股份,25.068674087524414,899791680,3691836500.0,094251,105839,9.99254322052002,7,是,,有色金属,
20250930,002691,冀凯股份,6.54593563079834,192966563,2959986487.05,094518,095148,9.987516403198242,1,是,,专用设备,
20250930,300432,富临精工,13.936163902282715,5098418432,37564147454.02,094539,141351,19.97840118408203,7,是,,汽车零部,
20250930,000923,河钢资源,7.867825031280518,865208896,11245713250.14,094645,135806,10.012284278869629,3,是,,钢铁行业,
20250930,000006,深振业Ａ,3.694603204727173,502879552,13891370304.839998,094854,094854,10.053476333618164,0,否,,房地产开,
20250930,300786,国林科技,27.510250091552734,751742928,2912358657.84,095851,095851,20.0,0,否,,环保行业,
20250930,600676,交运股份,3.2872231006622314,209758452,6530930194.4,100042,100042,10.051993370056152,0,否,,汽车零部,
20250930,600711,盛屯矿业,14.415897369384766,4535434496,31895111206.32,101052,144055,10.021322250366211,9,是,,能源金属,
20250930,002082,万邦德,3.9148974418640137,252465027,6633502534.78,103724,103724,10.0,0,否,,化学制药,
20250930,002390,信邦制药,5.054546356201172,361035696,7325709289.2,104827,104827,10.144927024841309,0,否,,中药,
20250930,603011,合锻智能,15.988264083862305,1496493680,9715243687.05,105024,105024,10.0223970413208,0,否,,专用设备,
20250930,688063,派能科技,10.248507499694824,1778863216,18215470645.76,111149,140740,19.993534088134766,1,是,,电池,
20250930,301308,江波龙,9.441576957702637,4426585344,48851057780.94,112657,141830,19.9986515045166,3,是,,半导体,
20250930,605178,时空科技,5.8108649253845215,198320260,3550036400.0,130312,130312,10.009211540222168,0,否,,装修装饰,
20250930,003002,壶化股份,7.754520893096924,351861536,4646841045.0,130612,130612,10.0,0,否,,化学制品,
20250930,600760,中航沈飞,2.3273277282714844,4465870080,197402199733.53,130655,133813,10.0,3,是,,航天航空,
20250930,300464,星徽股份,19.81052017211914,516515440,2750352304.5,132554,132554,20.0,0,否,,互联网服,
20250930,601618,中国中冶,2.7445199489593506,1837474816,68732583804.5,134958,135958,10.0,1,是,,工程建设,
20250930,600362,江西铜业,4.99743127822876,3608167120,73650530403.45,140401,144804,10.012399673461914,3,是,,有色金属,
20250930,001301,尚太科技,6.5197882652282715,858917152,13515270392.249998,141218,141218,10.0,0,否,,非金属材,
20250930,600562,国睿科技,2.949913501739502,1206696576,42744746852.8,141843,141843,10.003195762634277,0,否,,通信设备,
20250930,002045,国光电器,17.236961364746094,1704470064,10275923411.779999,143209,143209,9.98196029663086,0,否,,消费电子,
20250930,300893,松原安全,10.81917953491211,636048960,6432023879.4,143303,143303,20.0,0,否,,汽车零部,
20250930,002985,北摩高科,8.044480323791504,396781232,5131343863.53,143554,143554,10.018832206726074,0,否,,航天航空,
20250930,002645,华宏科技,12.338030815124512,1067201824,8976376469.06,143727,143727,10.0,0,否,,环保行业,
20250930,603103,横店影视,2.9527602195739746,329181104,11643912000.0,144557,144557,10.00599193572998,0,否,,文化传媒,
20251009,001337,四川黄金,2.6562273502349854,233539193,8792138880.0,092500,092500,9.996391296386719,0,否,,贵金属,
20251009,002156,通富微电,0.8619710206985474,578005120,67056213690.18,092500,092500,10.007468223571777,0,否,,半导体,
20251009,002796,世嘉科技,14.048286437988281,677897376,4843017325.18,092500,131418,9.994874000549316,13,是,,专用设备,
20251009,002913,奥士康,5.019635200500488,671377664,13434040798.220001,092500,095836,10.0049409866333,5,是,,电子元件,
20251009,600635,大众公用,6.594673156738281,1028919952,15625394220.5,092502,095629,10.051107406616211,4,是,,燃气,
20251009,600105,永鼎股份,2.613177537918091,534099168,20438687331.96,093001,093001,9.992132186889648,0,否,,通信设备,
20251009,301617,博苑股份,6.675821781158447,187726147,2841854600.0,093006,093006,20.005643844604492,0,否,,化学制品,
20251009,000655,金岭矿业,1.7875114679336548,103502292,5822427449.4,093027,093027,10.011248588562012,0,否,,钢铁行业,
20251009,000819,岳阳兴长,2.8005332946777344,185694344,6689241199.8,093106,093106,9.975961685180664,0,否,,石油行业,
20251009,002409,雅克科技,5.318262100219727,1366025424,25841750464.109997,093136,093918,10.006779670715332,3,是,,电子化学,
20251009,603988,中电电机,3.2442779541015625,233484829,7267680000.0,093149,093207,10.003560066223145,1,是,,电机,
20251009,000757,浩物股份,3.993934154510498,122352537,3116330217.0,093254,093254,9.962406158447266,0,否,,汽车服务,
20251009,002941,新疆交建,8.24891471862793,1040586896,12734994864.06,093300,094145,9.987592697143555,1,是,,工程建设,
20251009,601212,白银有色,2.468369722366333,841474512,34210058240.82,093311,095208,10.0,4,是,,有色金属,
20251009,600667,太极实业,7.8398051261901855,1457479792,18719302493.1,093407,100643,9.950860023498535,4,是,,工程建设,
20251009,000969,安泰科技,4.1498637199401855,632198208,15415246333.68,093418,093418,10.029498100280762,0,否,,通用设备,
20251009,603283,赛腾股份,9.652861595153809,1356266480,14167315151.22,093418,143203,10.0,12,是,,专用设备,
20251009,301137,哈焊华通,7.598539352416992,608215376,8304887340.0,093427,093554,19.98958969116211,1,是,,通用设备,
20251009,000630,铜陵有色,4.408130168914795,2868449520,65743767555.00001,093457,135515,10.074626922607422,4,是,,有色金属,
20251009,002492,恒基达鑫,3.478492259979248,108181734,3150851022.0,093503,093503,10.0,0,否,,物流行业,
20251009,002266,浙富控股,2.4662740230560303,530350928,21839732674.079998,093518,093518,10.123456954956055,0,否,,环保行业,
20251009,603030,全筑股份,4.038705348968506,176611360,4464404632.8,093548,093548,10.064934730529785,0,否,,装修装饰,
20251009,002366,融发核电,13.309942245483398,1373216624,10441219080.900002,093621,093621,10.066225051879883,0,否,,电源设备,
20251009,002785,万里石,5.504296779632568,393934144,7250258511.809999,093651,093651,10.011743545532227,0,否,,装修建材,
20251009,000777,中核科技,8.534219741821289,682199264,8082300233.159999,093721,094406,10.02087688446045,3,是,,通用设备,
20251009,300955,嘉亨家化,3.852579355239868,130313107,3525983999.9999995,093745,093745,20.0,0,否,,美容护理,
20251009,002916,深南电路,1.3917447328567505,2191831408,158474416605.6,093854,144718,9.998153686523438,8,是,,电子元件,
20251009,600089,特变电工,4.546288013458252,4450049792,98933678540.18,093914,100705,10.0,5,是,,电网设备,
20251009,002430,杭氧股份,1.4931702613830566,386392192,26201646369.600002,093924,093924,10.016420364379883,0,否,,专用设备,
20251009,601727,上海电气,3.4597465991973877,4466140928,130950339421.68001,094014,094014,9.957627296447754,0,否,,电源设备,
20251009,688691,灿芯股份,23.689821243286133,2031231056,8737312122.6,094238,142808,20.00392723083496,5,是,,半导体,
20251009,000681,视觉中国,19.32074546813965,2904742224,15219068805.68,094457,143024,10.019550323486328,4,是,,文化传媒,
20251009,001332,锡装股份,6.340548038482666,209517848,3367507500.0,094533,094533,10.001543045043945,0,否,,专用设备,
20251009,603588,高能环境,4.264719486236572,503353744,12003087521.16,094646,100849,10.055866241455078,1,是,,环保行业,
20251009,300963,中洲特材,26.0634708404541,1652806656,6514679426.8,094912,095754,19.989337921142578,2,是,,有色金属,
20251009,002988,豪美新材,2.7845890522003174,302650208,11055572601.84,095400,095400,10.012422561645508,0,否,,有色金属,
20251009,002213,大为股份,26.935340881347656,1164235920,4478833346.72,095545,103309,9.994926452636719,1,是,,半导体,
20251009,002910,庄园牧场,13.969240188598633,254068185,1857732777.0,100442,101021,10.030394554138184,2,是,,食品饮料,
20251009,002307,北新路桥,6.82579231262207,415925456,6214628751.8,100633,100633,10.112359046936035,0,否,,工程建设,
20251009,603301,振德医疗,3.1498301029205322,415801760,13676940198.66,100815,100815,10.008572578430176,0,否,,医疗器械,
20251009,001326,联域股份,13.693436622619629,168265253,1258675840.3799999,101021,101021,10.006319999694824,0,否,,光学光电,
20251009,000878,云南铜业,7.606338024139404,2896828304,38529096793.71,101103,135248,10.011442184448242,3,是,,有色金属,
20251009,600547,山东黄金,1.8977102041244507,2954765904,156360819191.22,101105,111702,9.992372512817383,18,是,,贵金属,
20251009,002255,海陆重工,15.477452278137207,892141712,5862964913.17,101112,101112,10.059880256652832,0,否,,电源设备,
20251009,603077,和邦生物,8.748821258544922,1730944880,20223836677.12,101128,134704,10.096153259277344,6,是,,化学原料,
20251009,002533,金杯电工,6.009899616241455,481855408,8244755448.69,101133,101133,10.042552947998047,0,否,,电网设备,
20251009,002310,东方园林,5.443356990814209,632597216,11925301196.279999,101142,101142,10.077519416809082,0,否,,电力行业,
20251009,603286,日盈电子,8.817237854003906,480649216,5635706197.73,101813,101813,10.002252578735352,0,否,,汽车零部,
20251009,920284,灵鸽科技,26.012962341308594,663254624,2670512834.1499996,102542,135333,29.980213165283203,9,是,,专用设备,
20251009,688776,国光电气,6.705804347991943,701970112,10860018583.800001,103005,103335,20.0,1,是,,电子元件,
20251009,603061,金海通,7.327756881713867,410434432,5751120925.0,103010,103010,10.0,0,否,,半导体,
20251009,301292,海科新源,31.440244674682617,643316000,2157340887.92,103224,103224,20.018930435180664,0,否,,化学制品,
20251009,600353,旭光电子,9.14256477355957,1377729712,15274989660.369999,103250,112914,10.029850959777832,2,是,,电子元件,
20251009,000426,兴业银锡,4.198840141296387,2644882032,64226933687.52,103418,130603,10.003040313720703,3,是,,有色金属,
20251009,605389,长龄液压,2.4360570907592773,215945657,9187104959.2,103437,103437,10.001631736755371,0,否,,工程机械,
20251009,002084,海鸥住工,10.301445007324219,259544301,2591430456.8399997,103821,105642,10.13698673248291,1,是,,装修装饰,
20251009,002460,赣锋锂业,10.698135375976562,8465988352,80888763994.79,104042,145609,10.00328540802002,8,是,,能源金属,
20251009,003005,竞业达,9.223161697387695,257572221,2874786583.84,104509,104509,10.00971794128418,0,否,,互联网服,
20251009,002184,海得控制,17.988191604614258,655808992,3728162027.04,105324,110618,10.0,5,是,,专用设备,
20251009,300512,中亚股份,8.852438926696777,263645038,3115980061.7400002,105403,105403,19.974716186523438,0,否,,专用设备,
20251009,601168,西部矿业,4.229987144470215,2393963904,57668600000.0,111956,135826,10.0,19,是,,有色金属,
20251009,600078,澄星股份,3.6717941761016846,173810435,4936167814.45,130020,130020,10.044313430786133,0,否,,化肥行业,
20251009,001287,中电港,15.008973121643066,1551373120,10646182081.32,130300,130300,9.986443519592285,0,否,,贸易行业,
20251009,688122,西部超导,10.325879096984863,5044173312,50745293860.67,130542,145021,20.00307273864746,10,是,,有色金属,
20251009,600133,东湖高新,8.822029113769531,928219408,10854321927.5,130803,132254,10.054054260253906,1,是,,环保行业,
20251009,603257,中国瑞林,25.65227699279785,434072272,1741008000.0,131240,131240,10.006293296813965,0,否,,工程咨询,
20251009,600489,中金黄金,2.931764602661133,3393377840,116917179043.68001,131253,142253,9.986320495605469,7,是,,贵金属,
20251009,688083,中望软件,6.367778778076172,926513408,15455935613.58,133823,144138,20.0,3,是,,软件开发,
20251009,000571,新大洲A,5.907000541687012,261350119,4550216957.0,134057,134057,10.039369583129883,0,否,,煤炭行业,
20251009,600021,上海电力,6.004683017730713,3801420608,65573792055.600006,134110,135649,10.018903732299805,4,是,,电力行业,
20251009,600846,同济科技,3.7433881759643555,339532352,9465136967.4,140222,140222,10.0217866897583,0,否,,工程建设,
20251009,600875,东方电气,7.821151256561279,3289520816,42940347653.2,140424,144557,10.005184173583984,1,是,,电源设备,
20251009,600111,北方稀土,9.41150188446045,17490654976,192068448185.46002,141958,143104,10.0,1,是,,小金属,
20251009,601611,中国核建,4.055079936981201,1155460256,29354745224.88,142340,142340,10.056497573852539,0,否,,工程建设,
20251009,920396,常辅股份,29.248027801513672,520739488,1891739062.2899997,142406,142406,29.99301528930664,0,否,,通用设备,
20251009,603993,洛阳钼业,2.2593021392822266,6621689344,301548744379.52,143127,144100,10.0,6,是,,小金属,
20251009,000737,北方铜业,11.04299259185791,3591238160,33443690089.6,144006,145636,10.025062561035156,1,是,,有色金属,
20251009,601069,西部黄金,6.839687347412109,1938801168,29179627890.27,145122,145122,10.0,0,否,,贵金属,
20251009,300820,英杰电气,14.598201751708984,932448384,6914637687.76,145627,145627,20.007709503173828,0,否,,电源设备,
20251010,300692,中环环保,7.6945624351501465,300962704,4013900362.69,092500,093351,19.977426528930664,1,是,,环保行业,
20251010,600382,广东明珠,1.2761625051498413,60791783,4763639490.54,092501,092501,9.935897827148438,0,否,,钢铁行业,
20251010,601011,宝泰隆,4.360597610473633,270017392,6264223042.53,093223,093444,10.1010103225708,2,是,,煤炭行业,
20251010,600545,卓郎智能,7.645884990692139,426398576,5614044377.08,093252,101158,10.175437927246094,3,是,,专用设备,
20251010,603889,新澳股份,7.365417957305908,408243440,5592311845.68,093317,101841,10.070921897888184,6,是,,纺织服装,
20251010,601279,英利汽车,2.438906192779541,176293432,7294615530.999999,093416,093747,10.047846794128418,1,是,,汽车零部,
20251010,600626,申达股份,6.9083027839660645,356751888,5218579724.1,093424,130353,10.04672908782959,7,是,,汽车零部,
20251010,002631,德尔未来,5.868993759155273,262839702,4594783918.08,093454,093454,10.076045989990234,0,否,,装修建材,
20251010,600960,渤海汽车,9.273798942565918,475314544,5227835349.0,093532,100726,10.0,5,是,,汽车零部,
20251010,600322,津投城开,5.683737277984619,167283188,2985390000.0,093608,093608,10.204081535339355,0,否,,房地产开,
20251010,603839,安正时尚,6.123317241668701,221853038,3664704990.0,093621,095054,10.04672908782959,4,是,,纺织服装,
20251010,000753,漳州发展,5.477987289428711,422331536,7852530082.32,093921,095909,10.0,1,是,,汽车服务,
20251010,603530,神马电力,0.9895797967910767,155962302,16371900844.199999,094125,094125,9.994256973266602,0,否,,电网设备,
20251010,603156,养元饮品,2.9966812133789062,1254870112,43378753821.72,094205,144956,10.003195762634277,2,是,,食品饮料,
20251010,605169,洪通燃气,4.198176383972168,187770845,4543052800.0,094502,094502,10.0,0,否,,燃气,
20251010,002029,七 匹 狼,5.948395729064941,349040672,6068502346.08,094557,094557,10.012063026428223,0,否,,纺织服装,
20251010,002394,联发股份,5.962104797363281,229156654,3937618681.08,094657,094657,10.027100563049316,0,否,,纺织服装,
20251010,600403,大有能源,2.1095058917999268,211307610,10304401452.619999,094853,094853,9.948979377746582,0,否,,煤炭行业,
20251010,601992,金隅集团,3.070341110229492,472605360,15584875953.68,094911,094911,10.0,0,否,,水泥建材,
20251010,300877,金春股份,6.584113597869873,260854489,4211963145.0,095745,095745,20.0,0,否,,纺织服装,
20251010,000058,深 赛 格,3.7767744064331055,393534336,10654879810.28,095748,134039,9.959349632263184,2,是,,商业百货,
20251010,600234,科新发展,3.3701882362365723,89916346,2732843328.93,100839,100839,10.042283058166504,0,否,,房地产开,
20251010,600801,华新水泥,3.4216041564941406,911895504,27181253622.78,101348,134700,10.010881423950195,5,是,,水泥建材,
20251010,002082,万邦德,4.850590705871582,347078064,7430186742.46,102912,102912,9.991809844970703,0,否,,化学制药,
20251010,600167,联美控股,3.9328558444976807,808276912,21157558329.05,102933,142554,10.0,10,是,,公用事业,
20251010,603363,傲农生物,6.842482089996338,567848000,8581055005.62,103120,103120,10.040983200073242,0,否,,农牧饲渔,
20251010,600490,鹏欣资源,10.603310585021973,1623512192,15921044874.140001,103131,143034,10.055096626281738,12,是,,有色金属,
20251010,600268,国电南自,6.842878341674805,779409552,11775153561.75,103145,141130,10.009443283081055,1,是,,电网设备,
20251010,600215,派斯林,7.9378485679626465,274934176,3554548806.4,103328,104140,10.04243278503418,1,是,,通用设备,
20251010,002052,同洲电子,8.884936332702637,1001140208,11650642919.499998,104500,105145,10.026041030883789,1,是,,家电行业,
20251010,603192,汇得科技,4.637258529663086,147484378,3275306674.54,104855,104855,10.013973236083984,0,否,,化学制品,
20251010,600810,神马股份,6.807241916656494,771931344,11692179382.26,105007,110346,9.980806350708008,5,是,,化纤行业,
20251010,301120,新特电气,29.995140075683594,1106248448,3930783338.7400002,105842,105842,20.026700973510742,0,否,,电网设备,
20251010,002885,京泉华,12.923510551452637,587844224,4738225039.559999,110503,110503,10.026809692382812,0,否,,消费电子,
20251010,601126,四方股份,6.520161151885986,1167249360,18455504824.0,110556,143140,10.014655113220215,4,是,,电网设备,
20251010,002825,纳尔股份,9.41584300994873,252707669,2755282645.92,110657,110657,10.040983200073242,0,否,,塑料制品,
20251010,601606,长城军工,12.305551528930664,4055349328,34183580480.000004,111729,131259,9.997669219970703,2,是,,专用设备,
20251010,002208,合肥城建,12.226969718933105,851441520,7396407167.43,112251,112251,10.035842895507812,0,否,,房地产开,
20251010,002291,遥望科技,15.00684928894043,896858896,6240148841.8,130739,130739,9.954058647155762,0,否,,互联网服,
20251010,001206,依依股份,7.565104961395264,268143374,3648746621.52,130748,130748,10.0,0,否,,美容护理,
20251010,603878,武进不锈,10.587180137634277,616776944,6065187649.780001,130937,133537,9.969481468200684,5,是,,钢铁行业,
20251010,002919,名臣健康,6.528872489929199,279532016,4399419148.8,133227,133227,9.980172157287598,0,否,,游戏,
20251010,002549,凯美特气,18.318756103515625,2973925536,17198210625.84,135327,135327,10.008857727050781,0,否,,化学制品,
20251010,300260,新莱应材,27.87854766845703,4001902880,15719359044.25,135348,142024,20.004390716552734,2,是,,通用设备,
20251010,000006,深振业Ａ,8.403653144836426,1283165584,16118849508.24,142527,145357,10.046082496643066,1,是,,房地产开,
20251010,603036,如通股份,11.172974586486816,528652880,4894703154.0,145550,145550,10.0,0,否,,专用设备,
20251013,002474,榕基软件,7.230529308319092,281688544,3895822036.2999997,092500,092500,10.044978141784668,0,否,,互联网服,
20251013,301323,新莱福,8.373237609863281,355759440,4249594277.46,092500,094151,20.0,1,是,,塑料制品,
20251013,600010,包钢股份,8.156744956970215,7104522752,87552427220.73,092501,100119,9.842519760131836,1,是,,钢铁行业,
20251013,603690,至纯科技,2.8871541023254395,406336224,14073936187.5,092503,092503,9.997007369995117,0,否,,专用设备,
20251013,002338,奥普光电,4.760884761810303,723465520,15348000000.0,093121,093615,9.993120193481445,3,是,,仪器仪表,
20251013,000045,深纺织Ａ,4.802585601806641,318926560,6786774457.65,093327,093406,10.0,1,是,,光学光电,
20251013,603903,中持股份,5.730327129364014,191817554,3400855473.6,093610,094123,9.991743087768555,1,是,,环保行业,
20251013,600536,中国软件,10.706006050109863,4851356672,45844261334.3,093901,110043,10.0,4,是,,软件开发,
20251013,002701,奥瑞金,5.4313178062438965,856699136,16009360063.859999,094012,102030,10.017574310302734,1,是,,包装材料,
20251013,300935,盈建科,8.542141914367676,165058009,2034838592.8,094024,094024,20.014219284057617,0,否,,软件开发,
20251013,605188,国光连锁,3.2149152755737305,270737376,8675731295.0,094102,094102,10.0,0,否,,商业百货,
20251013,002952,亚世光电,6.891336917877197,187169672,2802143022.96,094527,094609,9.98953914642334,1,是,,光学光电,
20251013,002735,王子新材,26.649085998535156,1231118384,4728614778.599999,094839,095939,9.980430603027344,3,是,,包装材料,
20251013,301013,利和兴,44.80903625488281,3061167824,7172258080.2,094918,144218,20.012666702270508,4,是,,专用设备,
20251013,605588,冠石科技,14.377001762390137,677855776,4798255184.04,095132,130720,10.005027770996094,1,是,,半导体,
20251013,603610,麒盛科技,10.820996284484863,720566320,6805678452.88,095140,144145,9.98288631439209,9,是,,装修建材,
20251013,000417,合百集团,7.962954044342041,423695952,5429821333.47,095257,095257,9.936908721923828,0,否,,商业百货,
20251013,603026,石大胜华,6.018503189086914,631011360,10952827200.0,095543,095731,9.99389362335205,2,是,,化学制品,
20251013,000980,众泰汽车,8.86855411529541,1716869312,19924299145.079998,095551,130606,10.0,2,是,,汽车整车,
20251013,605598,上海港湾,5.192809581756592,360801616,7125252839.88,100344,100344,10.01876163482666,0,否,,工程建设,
20251013,600868,梅雁吉祥,15.080355644226074,851103488,5751390497.37,100508,144132,10.181818008422852,2,是,,电力行业,
20251013,002759,天际股份,23.70773696899414,2614433776,11476583350.63,102112,102112,9.985597610473633,0,否,,电池,
20251013,002513,蓝丰生化,43.06205368041992,983292528,2455714182.16,102451,102912,9.97624683380127,4,是,,农药兽药,
20251013,920509,同惠电子,17.40573501586914,604087552,3709010554.2000003,102602,102602,29.988229751586914,0,否,,电网设备,
20251013,002811,郑中设计,6.646097660064697,243211277,3861658251.0,102842,102842,10.0,0,否,,专业服务,
20251013,603257,中国瑞林,24.897626876831055,450918992,1877709000.0,103030,103030,10.007294654846191,0,否,,工程咨询,
20251013,603038,华立股份,11.471494674682617,596166800,5349361180.46,104149,134419,10.0,1,是,,装修装饰,
20251013,300779,惠城环保,9.121847152709961,2377945360,26895940235.52,104754,131833,20.0,9,是,,环保行业,
20251013,300127,银河磁体,16.892986297607422,1417767360,8941817263.6,105733,105733,20.012392044067383,0,否,,小金属,
20251013,600980,北矿科技,10.076802253723145,484678304,5000975950.08,110836,110836,9.995869636535645,0,否,,小金属,
20251013,002645,华宏科技,13.822134971618652,1280958896,9652678805.77,111600,111600,10.0,0,否,,环保行业,
20251013,002040,南 京 港,10.150104522705078,532384912,5520280047.2,130327,130327,9.970958709716797,0,否,,航运港口,
20251013,603516,淳中科技,7.105096340179443,2406517232,35996779528.11,131332,131714,10.000621795654297,1,是,,计算机设,
20251013,688401,路维光电,10.530070304870605,1113080160,11275222550.4,132828,134131,20.0,2,是,,半导体,
20251013,601069,西部黄金,6.3823347091674805,1802375472,29188499774.699997,133116,133116,9.99665641784668,0,否,,贵金属,
20251013,600206,有研新材,14.09511661529541,2804272288,20478125101.08,133817,133817,10.004547119140625,0,否,,小金属,
20251013,002407,多氟多,15.625264167785645,3361888128,22497068197.32,134330,134330,9.984151840209961,0,否,,化学制品,
20251013,600105,永鼎股份,21.974531173706055,4906520064,23815895324.579998,135259,135259,9.993247985839844,0,否,,通信设备,
20251013,600531,豫光金铅,10.137304306030273,1537138400,15896775306.06,135510,141322,10.037735939025879,1,是,,有色金属,
20251013,000962,东方钽业,4.933296203613281,638936560,13854896972.880001,135739,135739,9.996017456054688,0,否,,小金属,
20251013,301246,宏源药业,26.99582862854004,722372864,2831156247.5,140409,142439,20.013566970825195,3,是,,化学制药,
20251013,000831,中国稀土,11.017903327941895,6813013248,63821819332.98,141245,141245,10.005487442016602,0,否,,小金属,
20251013,600111,北方稀土,10.518829345703125,21455755776,208697751058.66,141651,141651,10.00381088256836,0,否,,小金属,
20251013,600259,广晟有色,10.395721435546875,2200330784,21817868763.499996,142257,145048,10.008481979370117,1,是,,小金属,
20251013,600363,联创光电,7.856255531311035,2352517584,31469367685.5,142452,144634,10.003170013427734,6,是,,光学光电,
20251013,688347,华虹公司,15.001867294311523,7626313728,55339830000.0,143438,144859,20.0,2,是,,半导体,
20251013,600353,旭光电子,11.552043914794922,1908910528,17297288888.33,145517,145517,10.015814781188965,0,否,,电子元件,
20251014,002171,楚江新材,2.4137938022613525,440941072,18267553440.4,092500,092500,10.00971794128418,0,否,,有色金属,
20251014,000833,粤桂股份,4.90733528137207,331075792,6746549126.62,092500,092500,9.985206604003906,0,否,,综合行业,
20251014,002370,亚太药业,1.8611804246902466,86600080,4652965387.2,092500,092500,10.052909851074219,0,否,,化学制药,
20251014,002911,佛燃能源,0.8609546422958374,153555471,17835489280.100002,093000,093000,10.023492813110352,0,否,,燃气,
20251014,600819,耀皮玻璃,2.0303285121917725,123123193,6143760070.740001,093202,093202,10.0401611328125,0,否,,玻璃玻纤,
20251014,002084,海鸥住工,8.902100563049316,251725679,2913747677.8399997,093227,093227,9.975668907165527,0,否,,装修装饰,
20251014,000981,山子高科,6.108246326446533,2706354160,45093307880.82,093254,093254,9.976798057556152,0,否,,汽车零部,
20251014,002775,文科股份,8.004204750061035,181882212,2319347044.92,093418,093418,10.067113876342773,0,否,,工程建设,
20251014,600067,冠城新材,3.311291456222534,154071113,4731673712.599999,093816,093816,10.032362937927246,0,否,,电网设备,
20251014,600843,上工申贝,21.30535125732422,1362354960,6442428082.900001,094011,142856,10.01602554321289,7,是,,专用设备,
20251014,002636,金安国纪,4.162417888641357,400029472,9778258129.5,094112,094112,10.024450302124023,0,否,,电子元件,
20251014,600537,亿晶光电,14.570830345153809,699607424,4853231573.799999,094611,131159,9.919570922851562,8,是,,光伏设备,
20251014,603848,好太太,2.6042263507843018,227100256,8905256088.43,095353,095353,9.990059852600098,0,否,,家用轻工,
20251014,002942,新农股份,3.3491876125335693,97951046,2999384214.98,095818,095818,10.015097618103027,0,否,,农药兽药,
20251014,000890,法尔胜,7.910620212554932,170305562,2214912722.88,100818,100818,10.0,0,否,,通用设备,
20251014,300950,德固特,20.454320907592773,701653664,3666504621.75,102306,102306,19.99408531188965,0,否,,专用设备,
20251014,600172,黄河旋风,24.767988204956055,1863833248,7746872402.5,102433,142414,9.963768005371094,3,是,,非金属材,
20251014,601579,会稽山,6.473315238952637,700863696,11142729625.16,102446,140313,9.98580265045166,3,是,,酿酒行业,
20251014,600403,大有能源,3.8497846126556396,432381312,11834521389.9,102632,105805,10.0,1,是,,煤炭行业,
20251014,002017,东信和平,8.512571334838867,1207737200,14664571096.960001,102757,102757,10.008703231811523,0,否,,通信设备,
20251014,001225,和泰机电,10.567835807800293,113608263,1098223950.6000001,103257,103257,10.010537147521973,0,否,,通用设备,
20251014,002629,仁智股份,7.013839244842529,201269763,3018459671.84,130157,130157,9.987030029296875,0,否,,采掘行业,
20251014,605055,迎丰股份,5.137113571166992,230755823,4743200000.0,132618,132618,10.0,0,否,,纺织服装,
20251014,000626,远大控股,2.1750614643096924,77999257,3692242098.93,132903,132903,10.060060501098633,0,否,,贸易行业,
20251014,600617,国新能源,5.989045143127441,346870704,5965823435.04,134248,144112,10.163934707641602,2,是,,燃气,
20251014,002696,百洋股份,4.9274678230285645,109858596,2287890724.32,134439,134439,9.967845916748047,0,否,,农牧饲渔,
20251015,002560,通达股份,9.11214542388916,340564400,3741251376.52,092500,093918,9.986684799194336,1,是,,电网设备,
20251015,603778,国晟科技,2.203397750854492,55808918,2532857139.48,092502,092502,10.055866241455078,0,否,,光伏设备,
20251015,600748,上实发展,2.1493330001831055,207342954,9683955183.0,093039,094245,10.06289291381836,3,是,,房地产开,
20251015,002689,远大智能,3.0461411476135254,135293196,4484519553.2,093054,093054,9.974424362182617,0,否,,专用设备,
20251015,000572,海马汽车,10.936470031738281,1153125408,10658222404.83,093157,100257,10.0,3,是,,汽车整车,
20251015,600960,渤海汽车,4.078965663909912,234957637,5817154970.16,093206,093206,10.071942329406738,0,否,,汽车零部,
20251015,003041,真爱美家,2.6590569019317627,89674114,3413743830.0,093403,093403,10.008818626403809,0,否,,纺织服装,
20251015,600162,香江控股,3.4921538829803467,255610851,7484723299.38,093505,093505,10.096153259277344,0,否,,房地产开,
20251015,600626,申达股份,3.7795398235321045,206835991,5595292485.5,094132,094132,10.0217866897583,0,否,,汽车零部,
20251015,603232,格尔软件,6.171628952026367,231806549,3791006918.05,094401,094425,10.0,1,是,,软件开发,
20251015,002870,香山股份,3.294430732727051,159635908,4972758524.8,094609,094609,10.014265060424805,0,否,,汽车零部,
20251015,600496,精工钢构,4.562066555023193,375528400,8398325596.78,094756,094756,9.895833969116211,0,否,,水泥建材,
20251015,301365,矩阵股份,26.368648529052734,277277984,1098495000.0,094830,094830,20.0,0,否,,装修装饰,
20251015,002474,榕基软件,14.22285270690918,584046096,4283281176.15,095218,095218,9.945504188537598,0,否,,互联网服,
20251015,002279,久其软件,9.998873710632324,570431376,5804496015.15,095724,100324,10.029940605163574,1,是,,软件开发,
20251015,002940,昂利康,6.600144863128662,488920464,7633349240.400001,100212,100212,10.013350486755371,0,否,,化学制药,
20251015,600315,上海家化,3.3897886276245117,655985424,19662609915.0,100309,103730,10.00376033782959,2,是,,美容护理,
20251015,300111,向日葵,23.689334869384766,2336712464,10439278890.539999,100906,104600,19.970413208007812,3,是,,化学制药,
20251015,002885,京泉华,20.27728843688965,1069619232,5511765677.110001,101048,103409,10.0,1,是,,消费电子,
20251015,600481,双良节能,7.716552734375,973488496,13060186504.66,101150,101150,9.936908721923828,0,否,,光伏设备,
20251015,603222,济民健康,6.549440383911133,363793072,5760244046.55,101855,101855,10.03009033203125,0,否,,化学制药,
20251015,300436,广生堂,18.201940536499023,2868080704,16768685800.35,101930,111212,19.998043060302734,1,是,,化学制药,
20251015,300141,和顺电气,11.394183158874512,356448784,3357456856.7999997,103524,103524,20.036428451538086,0,否,,电网设备,
20251015,603307,扬州金泉,26.16411781311035,196378977,766020000.0,104152,112043,10.009765625,5,是,,纺织服装,
20251015,603917,合力科技,9.630838394165039,289009120,3067792000.0,104821,111421,10.014619827270508,2,是,,汽车零部,
20251015,605566,福莱蒽特,3.494075298309326,125823128,3709518800.0,105049,105049,10.00395393371582,0,否,,化学制品,
20251015,600513,联环药业,10.461912155151367,601756096,5966036043.0,111512,111512,10.0,0,否,,化学制药,
20251015,002779,中坚科技,3.5981545448303223,759955120,21883384053.3,112521,112521,10.001667022705078,0,否,,专用设备,
